--USERS TABLE
CREATE TABLE USERS 
  (     
     EMPLOYEEID     NVARCHAR(30), 
     FULLNAME       NVARCHAR(240) NOT NULL, 
     RECEIPTNAME    NVARCHAR(30), 
     IS_ACTIVE      BIT NOT NULL, 
     WORKGROUPID    NVARCHAR(30) NOT NULL,
     PRIMARY KEY (EMPLOYEEID)
  ); 
  
  
-- CHILD TABLE
CREATE TABLE STORE_USER_SWIPE_CARDS 
  ( 
     EMPLOYEEID        NVARCHAR(30), 
     CARDNUMBER        NVARCHAR(8), 
     CARDEFFECTIVEFROM DATETIME, 
     CARDEFFECTIVETO   DATETIME,
	 PRIMARY KEY (CARDNUMBER),	 
     FOREIGN KEY (EMPLOYEEID) REFERENCES USERS(EMPLOYEEID) 
  ); 
  

-- USER CHANGE AUDIT TABLE
CREATE TABLE USER_CHANGE_AUDIT
	(
		CHANGE_ID      NVARCHAR(36),
		EMPLOYEEID     NVARCHAR(30),
		PRIMARY KEY (CHANGE_ID, EMPLOYEEID),
		FOREIGN KEY (EMPLOYEEID) REFERENCES USERS(EMPLOYEEID)
	);
	
	
-- USERS
INSERT INTO USERS (EMPLOYEEID, FULLNAME, RECEIPTNAME, IS_ACTIVE, WORKGROUPID) VALUES ('009223', 'MRS. Siva', 'Siva', true, '2');
INSERT INTO USERS (EMPLOYEEID, FULLNAME, RECEIPTNAME, IS_ACTIVE, WORKGROUPID) VALUES ('0092232', 'MRS. Chandra', 'Chandra', true, '2');
INSERT INTO USERS (EMPLOYEEID, FULLNAME, RECEIPTNAME, IS_ACTIVE, WORKGROUPID) VALUES ('0123456', 'MRS. Satesh', 'Rajesh', false, '1');
INSERT INTO USERS (EMPLOYEEID, FULLNAME, RECEIPTNAME, IS_ACTIVE, WORKGROUPID) VALUES ('0123457', 'MRS. Rajesh', 'Rajesh', false, '1');
INSERT INTO USERS (EMPLOYEEID, FULLNAME, RECEIPTNAME, IS_ACTIVE, WORKGROUPID) VALUES ('0123458', 'MRS. Satish', 'Satish', true, '2');
INSERT INTO USERS (EMPLOYEEID, FULLNAME, RECEIPTNAME, IS_ACTIVE, WORKGROUPID) VALUES ('0123459', 'MRS. Ramesh Guptha', 'Ramesh', true, '2');
INSERT INTO USERS (EMPLOYEEID, FULLNAME, RECEIPTNAME, IS_ACTIVE, WORKGROUPID) VALUES ('0123460', 'MRS. Ramesh', 'Ramesh', false, '2');
INSERT INTO USERS (EMPLOYEEID, FULLNAME, RECEIPTNAME, IS_ACTIVE, WORKGROUPID) VALUES ('0123461', 'MRS. Ramesh', 'Ramesh', false, '2');
INSERT INTO USERS (EMPLOYEEID, FULLNAME, RECEIPTNAME, IS_ACTIVE, WORKGROUPID) VALUES ('0123462', 'MRS. Ramesh', 'Ramesh', true, '2');
INSERT INTO USERS (EMPLOYEEID, FULLNAME, RECEIPTNAME, IS_ACTIVE, WORKGROUPID) VALUES ('0123463', 'MRS. Ramesh', 'Ramesh', false, '2');

-- STORE_USER_SWIPE_CARDS
INSERT INTO STORE_USER_SWIPE_CARDS (EMPLOYEEID, CARDNUMBER, CARDEFFECTIVEFROM, CARDEFFECTIVETO) VALUES ('0092232', '00450665', CAST('2013-05-01T00:00:00.000' AS DateTime), CAST('2016-11-02T23:59:00.000' AS DateTime));
INSERT INTO STORE_USER_SWIPE_CARDS (EMPLOYEEID, CARDNUMBER, CARDEFFECTIVEFROM, CARDEFFECTIVETO) VALUES ('0123456', '00546376', CAST('2016-02-16T00:00:00.000' AS DateTime), CAST('2016-10-25T23:59:00.000' AS DateTime));
INSERT INTO STORE_USER_SWIPE_CARDS (EMPLOYEEID, CARDNUMBER, CARDEFFECTIVEFROM, CARDEFFECTIVETO) VALUES ('0123456', '00556300', CAST('2016-11-03T00:00:00.000' AS DateTime), CAST('2017-11-20T16:20:10.000' AS DateTime));
INSERT INTO STORE_USER_SWIPE_CARDS (EMPLOYEEID, CARDNUMBER, CARDEFFECTIVEFROM, CARDEFFECTIVETO) VALUES ('0123458', '00563818', CAST('2016-11-03T00:00:00.000' AS DateTime), CAST('2017-11-20T16:16:34.000' AS DateTime));
INSERT INTO STORE_USER_SWIPE_CARDS (EMPLOYEEID, CARDNUMBER, CARDEFFECTIVEFROM, CARDEFFECTIVETO) VALUES ('0123459', '1225', CAST('2016-11-03T00:00:00.000' AS DateTime), NULL);
INSERT INTO STORE_USER_SWIPE_CARDS (EMPLOYEEID, CARDNUMBER, CARDEFFECTIVEFROM, CARDEFFECTIVETO) VALUES ('0123459', '1227', CAST('2013-05-01T00:00:00.000' AS DateTime), CAST('2016-11-02T23:59:00.000' AS DateTime));
INSERT INTO STORE_USER_SWIPE_CARDS (EMPLOYEEID, CARDNUMBER, CARDEFFECTIVEFROM, CARDEFFECTIVETO) VALUES ('0123459', '1228', CAST('2016-11-03T00:00:00.000' AS DateTime), NULL);
INSERT INTO STORE_USER_SWIPE_CARDS (EMPLOYEEID, CARDNUMBER, CARDEFFECTIVEFROM, CARDEFFECTIVETO) VALUES ('0123460', '1231', CAST('2016-02-16T00:00:00.000' AS DateTime), CAST('2016-10-25T23:59:00.000' AS DateTime));
INSERT INTO STORE_USER_SWIPE_CARDS (EMPLOYEEID, CARDNUMBER, CARDEFFECTIVEFROM, CARDEFFECTIVETO) VALUES ('0123460', '910238', CAST('2013-05-01T00:00:00.000' AS DateTime), CAST('2016-11-02T23:59:00.000' AS DateTime));
INSERT INTO STORE_USER_SWIPE_CARDS (EMPLOYEEID, CARDNUMBER, CARDEFFECTIVEFROM, CARDEFFECTIVETO) VALUES ('0123461', '910239', CAST('2013-05-01T00:00:00.000' AS DateTime), CAST('2016-11-02T23:59:00.000' AS DateTime));
INSERT INTO STORE_USER_SWIPE_CARDS (EMPLOYEEID, CARDNUMBER, CARDEFFECTIVEFROM, CARDEFFECTIVETO) VALUES ('0123461', '910240', CAST('2013-05-01T00:00:00.000' AS DateTime), CAST('2016-11-02T23:59:00.000' AS DateTime));
INSERT INTO STORE_USER_SWIPE_CARDS (EMPLOYEEID, CARDNUMBER, CARDEFFECTIVEFROM, CARDEFFECTIVETO) VALUES ('0123462', '910241', CAST('2013-05-01T00:00:00.000' AS DateTime), CAST('2016-11-02T23:59:00.000' AS DateTime));
INSERT INTO STORE_USER_SWIPE_CARDS (EMPLOYEEID, CARDNUMBER, CARDEFFECTIVEFROM, CARDEFFECTIVETO) VALUES ('0123463', '910242', CAST('2013-05-01T00:00:00.000' AS DateTime), CAST('2016-11-02T23:59:00.000' AS DateTime));

-- USER_CHANGE_AUDIT
INSERT INTO USER_CHANGE_AUDIT (CHANGE_ID, EMPLOYEEID) VALUES ('1898d846-c93c-11e7-abc4-cec278b6b50a', '009223');
INSERT INTO USER_CHANGE_AUDIT (CHANGE_ID, EMPLOYEEID) VALUES ('1898d846-c93c-11e7-abc4-cec278b6b50a', '0092232');
INSERT INTO USER_CHANGE_AUDIT (CHANGE_ID, EMPLOYEEID) VALUES ('1898d846-c93c-11e7-abc4-cec278b6b50a', '0123456');
INSERT INTO USER_CHANGE_AUDIT (CHANGE_ID, EMPLOYEEID) VALUES ('1898d846-c93c-11e7-abc4-cec278b6b50a', '0123457');
INSERT INTO USER_CHANGE_AUDIT (CHANGE_ID, EMPLOYEEID) VALUES ('1898d846-c93c-11e7-abc4-cec278b6b50a', '0123458');
INSERT INTO USER_CHANGE_AUDIT (CHANGE_ID, EMPLOYEEID) VALUES ('1898d846-c93c-11e7-abc4-cec278b6b50a', '0123459');
INSERT INTO USER_CHANGE_AUDIT (CHANGE_ID, EMPLOYEEID) VALUES ('1898d846-c93c-11e7-abc4-cec278b6b50a', '0123460');
INSERT INTO USER_CHANGE_AUDIT (CHANGE_ID, EMPLOYEEID) VALUES ('1898d846-c93c-11e7-abc4-cec278b6b50a', '0123461');
INSERT INTO USER_CHANGE_AUDIT (CHANGE_ID, EMPLOYEEID) VALUES ('1898d846-c93c-11e7-abc4-cec278b6b50a', '0123462');
INSERT INTO USER_CHANGE_AUDIT (CHANGE_ID, EMPLOYEEID) VALUES ('1898d846-c93c-11e7-abc4-cec278b6b50a', '0123463');